WORD_ID,VOCAB_WORD
0,http
1,use
2,list
3,email
4,get
5,mail
6,one
7,free
8,time
9,work
10,messag
11,make
12,like
13,would
14,peopl
15,inform
16,new
17,receiv
18,pleas
19,busi
20,address
21,click
22,want
23,us
24,need
25,order
26,remov
27,also
28,go
29,year
30,send
31,money
32,file
33,compani
34,system
35,name
36,report
37,wrote
38,way
39,user
40,look
41,site
42,chang
43,day
44,know
45,state
46,program
47,may
48,see
49,call
50,could
51,group
52,even
53,think
54,includ
55,linux
56,first
57,offer
58,take
59,say
60,servic
61,right
62,world
63,tri
64,help
65,find
66,market
67,internet
68,product
69,mani
70,much
71,home
72,said
73,web
74,softwar
75,problem
76,date
77,line
78,spam
79,start
80,check
81,number
82,run
83,good
84,thing
85,link
86,well
87,subject
88,phone
89,interest
90,govern
91,person
92,provid
93,set
94,today
95,come
96,million
97,give
98,best
99,server
100,follow
101,back
102,form
103,rate
104,month
105,everi
106,secur
107,gener
108,price
109,url
110,still
111,comput
112,packag
113,instal
114,avail
115,sent
116,code
117,commun
118,life
119,version
120,read
121,sinc
122,ad
123,grant
124,maintain
125,sponsor
126,thank
127,network
128,credit
129,two
130,differ
131,without
132,made
133,develop
134,within
135,support
136,week
137,write
138,save
139,realli
140,case
141,page
142,subscript
143,someth
144,irish
145,current
146,un
147,last
148,anyon
149,onlin
150,complet
151,sure
152,requir
153,seem
154,card
155,build
156,custom
157,manag
158,never
159,de
160,ilug
161,better
162,window
163,keep
164,special
165,point
166,ca
167,place
168,search
169,anoth
170,per
171,found
172,access
173,actual
174,repli
175,result
176,contact
177,question
178,part
179,base
180,listmast
181,futur
182,issu
183,old
184,put
185,wish
186,next
187,long
188,let
189,countri
190,live
191,must
192,hour
193,end
194,invest
195,mean
196,process
197,easi
198,unsubscrib
199,lot
200,unit
201,great
202,got
203,guarante
204,show
205,technolog
206,account
207,nation
208,might
209,power
210,releas
211,legal
212,cost
213,data
214,allow
215,sourc
216,success
217,news
218,engin
219,possibl
220,trade
221,profession
222,idea
223,increas
224,post
225,advertis
226,ask
227,pay
228,public
229,error
230,open
231,test
232,websit
233,opportun
234,real
235,sell
236,ever
237,less
238,respons
239,insur
240,plan
241,design
242,tell
243,creat
244,visit
245,word
246,buy
247,howev
248,reason
249,prefer
250,heaven
251,effect
252,someon
253,aug
254,cd
255,sale
256,law
257,improv
258,applic
259,instead
260,around
261,fact
262,least
263,box
264,dollar
265,ye
266,rpm
267,fix
268,american
269,job
270,copi
271,simpl
272,probabl
273,origin
274,cours
275,believ
276,contain
277,fax
278,move
279,type
280,happen
281,friend
282,though
283,littl
284,total
285,financi
286,welcom
287,share
288,request
289,add
290,exampl
291,client
292,abl
293,els
294,format
295,perl
296,anyth
297,valu
298,alway
299,simpli
300,alreadi
301,high
302,protect
303,fill
304,full
305,cash
306,mailto
307,feel
308,directori
309,import
310,stop
311,bit
312,regard
313,purchas
314,licens
315,signatur
316,note
317,intern
318,experi
319,polici
320,answer
321,exist
322,updat
323,return
324,past
325,learn
326,famili
327,info
328,sep
329,top
330,geek
331,ship
332,becom
333,act
334,age
335,instruct
336,lead
337,drive
338,small
339,suppli
340,control
341,second
342,databas
343,member
344,low
345,select
346,thousand
347,recent
348,incom
349,citi
350,featur
351,etc
352,stuff
353,limit
354,minut
355,sever
356,turn
357,done
358,yet
359,industri
360,appli
361,folder
362,tool
363,continu
364,understand
365,detail
366,c
367,guid
368,everyth
369,noth
370,step
371,exmh
372,notic
373,oper
374,enough
375,claim
376,big
377,sign
378,e
379,care
380,letter
381,univers
382,caus
383,larg
384,key
385,three
386,hard
387,thinkgeek
388,other
389,connect
390,bill
391,record
392,discuss
393,accept
394,thu
395,term
396,offic
397,via
398,pgp
399,specif
400,play
401,talk
402,text
403,option
404,america
405,mayb
406,immedi
407,deal
408,direct
409,download
410,major
411,seen
412,forc
413,hope
414,subscrib
415,comment
416,kind
417,thought
418,individu
419,decid
420,rule
421,log
422,plu
423,lose
424,natur
425,method
426,matter
427,either
428,true
429,risk
430,rememb
431,yahoo
432,assist
433,content
434,rather
435,quot
436,present
437,mime
438,away
439,wait
440,bank
441,r
442,fund
443,kernel
444,local
445,hand
446,project
447,secret
448,hundr
449,loan
450,matthia
451,level
452,train
453,corpor
454,research
455,consid
456,razor
457,area
458,book
459,forward
460,august
461,addit
462,root
463,stori
464,machin
465,polit
466,standard
467,bad
468,benefit
469,target
470,quit
471,entir
472,war
473,suggest
474,copyright
475,document
476,appear
477,presid
478,bodi
479,global
480,author
481,bug
482,often
483,posit
484,expect
485,mind
486,human
487,distribut
488,center
489,juli
490,septemb
491,grow
492,jul
493,ago
494,hit
495,qualiti
496,trust
497,size
498,partner
499,easili
500,island
501,absolut
502,whether
503,agent
504,love
505,pm
506,join
507,activ
508,b
509,given
510,collect
511,involv
512,solut
513,amount
514,happi
515,associ
516,fast
517,charg
518,domain
519,man
520,promot
521,whole
522,dvd
523,far
524,earn
525,sort
526,fork
527,parti
528,later
529,feder
530,hi
531,submit
532,mortgag
533,upon
534,meet
535,wed
536,potenti
537,wrong
538,refer
539,nice
540,enter
541,load
542,tm
543,transact
544,singl
545,econom
546,almost
547,wonder
548,publish
549,social
550,john
551,red
552,discov
553,reach
554,everyon
555,close
556,view
557,fail
558,execut
559,pass
560,sound
561,depend
562,privat
563,women
564,profit
565,perform
566,broadcast
567,attack
568,newslett
569,paid
570,automat
571,relat
572,contract
573,statement
574,effort
575,delet
576,mark
577,media
578,foreign
579,begin
580,compil
581,final
582,sequenc
583,regist
584,miss
585,bush
586,spamassassin
587,cell
588,figur
589,x
590,stock
591,command
592,handl
593,header
594,action
595,similar
596,locat
597,pick
598,display
599,tuesday
600,game
601,templ
602,transfer
603,hat
604,wo
605,disk
606,digit
607,produc
608,chri
609,event
610,soon
611,known
612,track
613,articl
614,print
615,longer
616,tax
617,properti
618,function
619,mention
620,pretti
621,toner
622,store
623,default
624,dear
625,men
626,commiss
627,pc
628,debt
629,hous
630,oblig
631,upgrad
632,sun
633,microsoft
634,respect
635,script
636,organ
637,due
638,enenkio
639,imag
640,bulk
641,administr
642,weight
643,payment
644,daili
645,health
646,along
647,freedom
648,net
649,bonu
650,practic
651,offici
652,usa
653,half
654,capit
655,worth
656,billion
657,cartridg
658,propos
659,languag
660,came
661,resourc
662,strategi
663,late
664,anyway
665,leav
666,concern
667,platform
668,exactli
669,street
670,clear
671,remain
672,devic
673,html
674,assum
675,lost
676,car
677,tire
678,la
679,review
680,ok
681,ignor
682,n
683,head
684,interact
685,tue
686,respond
687,went
688,hear
689,tablet
690,taken
691,deliv
692,independ
693,perhap
694,bring
695,configur
696,clean
697,compar
698,qualifi
699,averag
700,press
701,watch
702,space
703,fine
704,invok
705,school
706,short
707,expens
708,recommend
709,retail
710,fee
711,field
712,enabl
713,membership
714,memori
715,host
716,fall
717,consult
718,huge
719,guess
720,edit
721,usual
722,extrem
723,suit
724,xml
725,choos
726,warn
727,advantag
728,agre
729,except
730,common
731,port
732,en
733,materi
734,normal
735,region
736,side
737,educ
738,abil
739,basic
740,fri
741,announc
742,cheer
743,dream
744,although
745,guy
746,item
747,told
748,drop
749,paper
750,le
751,five
752,hold
753,growth
754,spend
755,main
756,readi
757,vulner
758,win
759,model
760,electron
761,confidenti
762,replac
763,left
764,face
765,interfac
766,studi
767,unseen
768,mon
769,altern
770,loss
771,reserv
772,kingdom
773,safe
774,intend
775,accord
776,choic
777,approv
778,implement
779,oz
780,rest
781,multipl
782,histori
783,id
784,commerci
785,situat
786,moment
787,extra
788,combin
789,section
790,employ
791,chanc
792,insid
793,togeth
794,investig
795,quick
796,coupl
797,pictur
798,purpos
799,initi
800,goe
801,confirm
802,msg
803,advanc
804,unless
805,util
806,avoid
807,j
808,break
809,court
810,monday
811,across
812,burn
813,particular
814,object
815,fals
816,energi
817,score
818,express
819,video
820,et
821,india
822,male
823,societi
824,owner
825,took
826,indic
827,count
828,sens
829,p
830,directli
831,speed
832,agenc
833,correct
834,filter
835,anywher
836,variou
837,four
838,die
839,procedur
840,profil
841,gpl
842,period
843,cut
844,uniqu
845,ventur
846,match
847,especi
848,seek
849,black
850,piec
851,consum
852,kevin
853,sex
854,certain
855,behalf
856,investor
857,spammer
858,whatev
859,setup
860,knowledg
861,class
862,color
863,popul
864,explain
865,adam
866,tip
867,latest
868,oh
869,gain
870,remot
871,atol
872,unison
873,dagga
874,militari
875,ftp
876,block
877,marshal
878,unix
879,gari
880,lawrenc
881,south
882,googl
883,patch
884,tv
885,shop
886,establish
887,smoke
888,valuabl
889,team
890,switch
891,java
892,aaaaaaaaaaaaaaaaaaaaaaaaaaaaaaaaaaaaaaaaaaaaaaaaaaaaaaaaaaaaaaaaaaaaaaaaaaaa
893,imagin
894,ragga
895,prevent
896,integr
897,robert
898,prepar
899,boot
900,attempt
901,third
902,privaci
903,particip
904,folk
905,will
906,sometim
907,necessari
908,hardwar
909,heard
910,sorri
911,manual
912,congress
913,york
914,bottl
915,saou
916,tag
917,screen
918,reduc
919,night
920,certainli
921,sa
922,china
923,fastest
924,depart
925,stand
926,suppos
927,backup
928,enjoy
929,valid
930,cover
931,alb
932,mass
933,path
934,obtain
935,driver
936,regul
937,goal
938,seriou
939,amaz
940,competit
941,capabl
942,botan
943,lower
944,land
945,promis
946,speak
947,fulli
948,h
949,medic
950,poor
951,scienc
952,apolog
953,traffic
954,deathtospamdeathtospamdeathtospam
955,introduc
956,extend
957,lowest
958,movi
959,describ
960,defin
961,titl
962,paul
963,troubl
964,exchang
965,film
966,cv
967,neg
968,easier
969,sender
970,decis
971,f
972,osdn
973,rang
974,os
975,wireless
976,death
977,technic
978,approach
979,predict
980,six
981,earli
982,murphi
983,beberg
984,white
985,fortun
986,redhat
987,quickli
988,fat
989,commit
990,written
991,sold
992,kill
993,king
994,telephon
995,im
996,worri
997,music
998,michael
999,judgment
1000,uk
1001,ham
1002,seventh
1003,mobil
1004,apt
1005,firm
1006,ensur
1007,premium
1008,desir
1009,economi
1010,north
1011,opinion
1012,father
1013,attach
1014,librari
1015,faster
1016,definit
1017,player
1018,achiev
1019,button
1020,argument
1021,appar
1022,adult
1023,archiv
1024,techniqu
1025,travel
1026,bar
1027,enterpris
1028,separ
1029,threat
1030,cooper
1031,demand
1032,board
1033,deserv
1034,browser
1035,modul
1036,anim
1037,hello
1038,condit
1039,outsid
1040,wide
1041,enhanc
1042,terrorist
1043,dave
1044,estat
1045,attent
1046,elimin
1047,david
1048,stay
1049,children
1050,virtual
1051,repres
1052,drug
1053,wall
1054,pain
1055,expert
1056,cabl
1057,determin
1058,modifi
1059,held
1060,kid
1061,environ
1062,monthli
1063,washington
1064,gnupg
1065,declar
1066,sincer
1067,fun
1068,permiss
1069,signific
1070,danger
1071,w
1072,confid
1073,g
1074,iii
1075,l
1076,relev
1077,air
1078,rich
1079,cat
1080,canada
1081,programm
1082,sum
1083,diet
1084,equip
1085,none
1086,exclus
1087,cc
1088,proven
1089,popular
1090,forev
1091,bottom
1092,justin
1093,excel
1094,bitbitch
1095,expand
1096,central
1097,paragraph
1098,usd
1099,string
1100,centuri
1101,factor
1102,sexual
1103,friday
1104,skip
1105,anybodi
1106,relationship
1107,monitor
1108,challeng
1109,near
1110,identifi
1111,asset
1112,terror
1113,appreci
1114,toward
1115,director
1116,excit
1117,behind
1118,exercis
1119,confer
1120,perfect
1121,girl
1122,unsolicit
1123,progress
1124,rais
1125,defens
1126,discoveri
1127,rh
1128,among
1129,citizen
1130,whose
1131,sampl
1132,fit
1133,road
1134,hettinga
1135,rel
1136,difficult
1137,west
1138,thread
1139,entri
1140,colleg
1141,photo
1142,lender
1143,intellig
1144,spain
1145,illeg
1146,partit
1147,william
1148,reader
1149,tie
1150,serv
1151,solv
1152,chief
1153,confus
1154,earth
1155,acquir
1156,seri
1157,octob
1158,strong
1159,measur
1160,largest
1161,verifi
1162,instant
1163,stupid
1164,refin
1165,smart
1166,european
1167,fair
1168,tree
1169,french
1170,extract
1171,mode
1172,san
1173,sweet
1174,peac
1175,built
1176,regular
1177,equival
1178,lock
1179,slow
1180,mac
1181,laptop
1182,resid
1183,conveni
1184,oct
1185,reliabl
1186,procmail
1187,brian
1188,tradit
1189,dead
1190,inlin
1191,suse
1192,datapow
1193,categori
1194,africa
1195,tim
1196,warranti
1197,graphic
1198,front
1199,deliveri
1200,voic
1201,ident
1202,leader
1203,europ
1204,cach
1205,ten
1206,useless
1207,evid
1208,realiz
1209,pattern
1210,emerg
1211,femal
1212,annuiti
1213,capillari
1214,fire
1215,occur
1216,compat
1217,campaign
1218,statu
1219,gnu
1220,art
1221,desktop
1222,gift
1223,cultur
1224,young
1225,therefor
1226,abus
1227,herba
1228,institut
1229,concept
1230,satellit
1231,revenu
1232,physic
1233,previous
1234,higher
1235,launch
1236,inde
1237,brand
1238,deposit
1239,convers
1240,aid
1241,thursday
1242,june
1243,walk
1244,nigeria
1245,otherwis
1246,degre
1247,concentr
1248,contribut
1249,doubt
1250,ms
1251,roll
1252,honor
1253,indian
1254,background
1255,weapon
1256,classifi
1257,former
1258,unlimit
1259,carri
1260,yeah
1261,repositori
1262,pacif
1263,forget
1264,compet
1265,wife
1266,arriv
1267,echo
1268,fight
1269,token
1270,listen
1271,affili
1272,conflict
1273,critic
1274,recipi
1275,percent
1276,isp
1277,powel
1278,unfortun
1279,extens
1280,discount
1281,password
1282,surpris
1283,app
1284,storag
1285,tech
1286,sat
1287,jabber
1288,succeed
1289,civil
1290,hot
1291,detect
1292,sleep
1293,sit
1294,hermio
1295,water
1296,basi
1297,effici
1298,assur
1299,garrigu
1300,kept
1301,intro
1302,substanti
1303,panel
1304,alsa
1305,output
1306,printer
1307,worldwid
1308,scan
1309,ip
1310,jm
1311,descript
1312,pull
1313,menu
1314,catch
1315,light
1316,attract
1317,mine
1318,proprietari
1319,inc
1320,enemi
1321,tabl
1322,joe
1323,truth
1324,advic
1325,nobodi
1326,wednesday
1327,index
1328,pudg
1329,v
1330,god
1331,saw
1332,disabl
1333,revers
1334,agreement
1335,manufactur
1336,patent
1337,structur
1338,gone
1339,seven
1340,vendor
1341,analysi
1342,euro
1343,jame
1344,cool
1345,teach
1346,morn
1347,specifi
1348,lack
1349,k
1350,balanc
1351,vote
1352,room
1353,decad
1354,alon
1355,franc
1356,awar
1357,whitelist
1358,obvious
1359,california
1360,wast
1361,boston
1362,charact
1363,editor
1364,gold
1365,innov
1366,polic
1367,zip
1368,treat
1369,construct
1370,u
1371,clue
1372,journal
1373,ga
1374,tom
1375,financ
1376,highli
1377,career
1378,temperatur
1379,theori
1380,trick
1381,insert
1382,incred
1383,touch
1384,spec
1385,middl
1386,int
1387,flag
1388,ultim
1389,afford
1390,gcc
1391,greater
1392,constitut
1393,impress
1394,son
1395,encourag
1396,attorney
1397,correspond
1398,ebay
1399,peni
1400,anymor
1401,usag
1402,brain
1403,cent
1404,blood
1405,mechan
1406,wake
1407,master
1408,jim
1409,boy
1410,trial
1411,dan
1412,annual
1413,hp
1414,blank
1415,larger
1416,summari
1417,mother
1418,input
1419,greg
1420,previou
1421,cbyi
1422,urgent
1423,mike
1424,democrat
1425,suffer
1426,stream
1427,el
1428,hate
1429,focu
1430,advis
1431,perman
1432,pound
1433,cheap
1434,skeptic
1435,suspect
1436,php
1437,judg
1438,flow
1439,speech
1440,smtp
1441,star
1442,varieti
1443,particularli
1444,underwrit
1445,mostli
1446,behavior
1447,percentag
1448,delay
1449,dynam
1450,instanc
1451,mistak
1452,obviou
1453,wealth
1454,vacat
1455,warm
1456,republ
1457,keyboard
1458,comfort
1459,binari
1460,toni
1461,dark
1462,destruct
1463,super
1464,eye
1465,earlier
1466,telecom
1467,laserjet
1468,firewal
1469,termin
1470,arm
1471,rock
1472,reveal
1473,ban
1474,mailer
1475,rick
1476,affect
1477,woman
1478,channel
1479,ireland
1480,knew
1481,char
1482,heart
1483,se
1484,tend
1485,rss
1486,essenti
1487,steve
1488,english
1489,motiv
1490,consolid
1491,vipul
1492,recogn
1493,domest
1494,consist
1495,floppi
1496,btw
1497,prospect
1498,alli
1499,principl
1500,skill
1501,lawyer
1502,pack
1503,prompt
1504,beta
1505,estim
1506,style
1507,wing
1508,highlight
1509,core
1510,somewher
1511,defend
1512,invit
1513,bonus
1514,gnome
1515,nearli
1516,unlik
1517,eventu
1518,dell
1519,opt
1520,lifetim
1521,magazin
1522,pipe
1523,task
1524,staff
1525,beat
1526,ftoc
1527,fl
1528,sensit
1529,vehicl
1530,comprehens
1531,role
1532,planta
1533,march
1534,restor
1535,food
1536,despit
1537,eat
1538,modem
1539,clearli
1540,pocket
1541,map
1542,python
1543,ground
1544,modern
1545,babi
1546,histor
1547,roman
1548,audio
1549,hair
1550,dn
1551,teledynam
1552,biggest
1553,complianc
1554,suck
1555,favor
1556,fresh
1557,commentari
1558,impact
1559,picasso
1560,bind
1561,revis
1562,strength
1563,convert
1564,strongli
1565,eval
1566,config
1567,exploit
1568,minimum
1569,coverag
1570,conserv
1571,senior
1572,interview
1573,met
1574,shown
1575,dragon
1576,mlm
1577,peter
1578,british
1579,texa
1580,gave
1581,beyond
1582,permit
1583,doctor
1584,truli
1585,employe
1586,mile
1587,equal
1588,failur
1589,stabl
1590,everybodi
1591,spot
1592,protocol
1593,dont
1594,mailbox
1595,liber
1596,instantli
1597,font
1598,auto
1599,synchron
1600,optim
1601,brought
1602,q
1603,consider
1604,reli
1605,typic
1606,visa
1607,tx
1608,signal
1609,tape
1610,showcas
1611,distanc
1612,geeg
1613,exact
1614,dial
1615,al
1616,variabl
1617,worst
1618,revok
1619,draw
1620,proper
1621,calcul
1622,expir
1623,startup
1624,led
1625,crash
1626,chines
1627,translat
1628,yesterday
1629,annoy
1630,imposs
1631,stylu
1632,plant
1633,hidden
1634,crimin
1635,prove
1636,spent
1637,broker
1638,favorit
1639,neighbor
1640,boss
1641,extern
1642,finish
1643,evil
1644,ran
1645,rare
1646,pop
1647,netscap
1648,z
1649,strang
1650,artist
1651,sole
1652,feet
1653,foundat
1654,sir
1655,retriev
1656,repair
1657,bigger
1658,bearer
1659,acknowledg
1660,scientist
1661,guidelin
1662,autom
1663,hell
1664,poverti
1665,properli
1666,somebodi
1667,edward
1668,rob
1669,england
1670,portion
1671,safeti
1672,serious
1673,evalu
1674,hack
1675,beauti
1676,hotel
1677,sport
1678,planet
1679,rebuild
1680,equiti
1681,scheme
1682,gentl
1683,station
1684,spread
1685,lie
1686,jump
1687,sunday
1688,correctli
1689,strip
1690,minor
1691,chicago
1692,restrict
1693,climat
1694,explor
1695,push
1696,bell
1697,summer
1698,ii
1699,prescript
1700,hire
1701,antiqu
1702,iiu
1703,currenc
1704,fundament
1705,radio
1706,para
1707,headlin
1708,entertain
1709,diseas
1710,epson
1711,becam
1712,threaten
1713,mount
1714,shape
1715,primari
1716,student
1717,recruit
1718,vou
1719,lo
1720,laser
1721,recal
1722,husband
1723,protest
1724,craig
1725,proxi
1726,mainten
1727,spamd
1728,architectur
1729,hang
1730,resum
1731,seed
1732,happier
1733,merchant
1734,herb
1735,damag
1736,plug
1737,disclaim
1738,sendmail
1739,settlement
1740,vast
1741,prioriti
1742,buyer
1743,remedi
1744,muscl
1745,stick
1746,doubl
1747,exit
1748,feroc
1749,corpu
1750,viagra
1751,van
1752,prior
1753,ssh
1754,ticket
1755,disappear
1756,creativ
1757,feedback
1758,western
1759,laugh
1760,wors
1761,hall
1762,reg
1763,angl
1764,dozen
1765,faith
1766,somehow
1767,luck
1768,georg
1769,green
1770,fantasi
1771,camera
1772,moor
1773,tel
1774,kathmandu
1775,reject
1776,pour
1777,norton
1778,oil
1779,symbol
1780,feed
1781,hormon
1782,anonym
1783,aspect
1784,broken
1785,realiti
1786,usb
1787,bother
1788,batteri
1789,child
1790,supplement
1791,seminar
1792,democraci
1793,allianc
1794,eugen
1795,convent
1796,perfectli
1797,doc
1798,substanc
1799,committe
1800,shall
1801,argu
1802,authent
1803,encrypt
1804,parent
1805,arrang
1806,acceler
1807,entrepreneur
1808,shot
1809,appeal
1810,park
1811,mozilla
1812,statist
1813,phrase
1814,funni
1815,convinc
1816,electr
1817,à
1818,neither
1819,legitim
1820,serial
1821,sponsorship
1822,shock
1823,observ
1824,random
1825,slightli
1826,east
1827,frame
1828,solari
1829,door
1830,auction
1831,resolv
1832,edificio
1833,highest
1834,ie
1835,empir
1836,refund
1837,barcelona
1838,hey
1839,meant
1840,appropri
1841,strictli
1842,queri
1843,award
1844,merg
1845,nort
1846,edg
1847,smaller
1848,survey
1849,surviv
1850,aphrodisia
1851,volum
1852,bear
1853,repeat
1854,fear
1855,daniel
1856,capac
1857,lesson
1858,kelli
1859,hunt
1860,stabil
1861,pressur
1862,carrier
1863,damn
1864,tomorrow
1865,postal
1866,union
1867,te
1868,fairli
1869,trip
1870,pablo
1871,virus
1872,declin
1873,odd
1874,banner
1875,amend
1876,arrest
1877,alter
1878,herbal
1879,weekend
1880,twice
1881,mason
1882,mr
1883,bought
1884,aggress
1885,strike
1886,owen
1887,farquhar
1888,ah
1889,harm
1890,cancel
1891,race
1892,welch
1893,duplic
1894,licenc
1895,prosaka
1896,inbox
1897,violat
1898,exclud
1899,easiest
1900,compon
1901,winner
1902,gmt
1903,januari
1904,complain
1905,testimoni
1906,appl
1907,cold
1908,nt
1909,promiscu
1910,zero
1911,bunch
1912,ratio
1913,nativ
1914,formula
1915,pill
1916,blog
1917,vari
1918,md
1919,algorithm
1920,presum
1921,farm
1922,deni
1923,honest
1924,round
1925,mirror
1926,hmm
1927,scam
1928,mh
1929,reduct
1930,debian
1931,audienc
1932,viru
1933,bandwidth
1934,genet
1935,spray
1936,partnership
1937,elsewher
1938,analyst
1939,brief
1940,possess
1941,sea
1942,austin
1943,tab
1944,approxim
1945,split
1946,â
1947,vjestika
1948,label
1949,iraq
1950,renew
1951,martin
1952,compens
1953,gay
1954,gibbon
1955,bankruptci
1956,reboot
1957,precis
1958,club
1959,deploy
1960,grand
1961,invent
1962,reward
1963,porn
1964,blue
1965,envelop
1966,lift
1967,mous
1968,msgid
1969,dramat
1970,gordon
1971,plugin
1972,processor
1973,saturday
1974,roger
1975,massiv
1976,weekli
1977,buffer
1978,collabor
1979,adopt
1980,infrastructur
1981,writer
1982,complex
1983,agreeabl
1984,fuck
1985,environment
1986,nvidia
1987,inspir
1988,sm
1989,aol
1990,engag
1991,cancer
1992,flash
1993,inconveni
1994,millionair
1995,that
1996,rohit
1997,empti
1998,ibm
1999,dig
2000,anytim
2001,apart
2002,ps
2003,prohibit
2004,religion
2005,retir
2006,justic
2007,plenti
2008,satisfi
2009,northern
2010,conduct
2011,african
2012,thoma
2013,ministri
2014,schedul
2015,length
2016,shell
2017,harley
2018,cycl
2019,assembl
2020,solicit
2021,enforc
2022,self
2023,began
2024,onto
2025,experienc
2026,own
2027,excess
2028,farmer
2029,candid
2030,acquisit
2031,img
2032,swap
2033,duncan
2034,distro
2035,rout
2036,rose
2037,henc
2038,mere
2039,encount
2040,clock
2041,bound
2042,televis
2043,russian
2044,prosper
2045,wholesal
2046,scale
2047,straight
2048,minim
2049,attend
2050,grab
2051,liter
2052,elect
2053,london
2054,demonstr
2055,throw
2056,pointer
2057,newspap
2058,deep
2059,homeown
2060,domin
2061,kate
2062,registr
2063,guido
2064,famou
2065,transform
2066,evolv
2067,conclud
2068,context
2069,chat
2070,receipt
2071,colleagu
2072,toll
2073,buck
2074,unabl
2075,preserv
2076,christian
2077,glad
2078,murder
2079,oppos
2080,boost
2081,mix
2082,rank
2083,niall
2084,lawsuit
2085,hors
2086,wave
2087,loop
2088,assert
2089,crime
2090,entiti
2091,proof
2092,russia
2093,resel
2094,skin
2095,valhalla
2096,remark
2097,co
2098,religi
2099,da
2100,attain
2101,corrupt
2102,blame
2103,routin
2104,habea
2105,glm
2106,mathemat
2107,vircio
2108,inkjet
2109,scientif
2110,marshalles
2111,paypal
2112,tast
2113,webmast
2114,moral
2115,newsgroup
2116,forest
2117,asia
2118,destroy
2119,brent
2120,icq
2121,abacha
2122,numer
2123,accur
2124,replica
2125,passphras
2126,tune
2127,song
2128,frequent
2129,embed
2130,joseph
2131,na
2132,hint
2133,jar
2134,victim
2135,heavi
2136,ben
2137,bless
2138,sheet
2139,mountain
2140,regardless
2141,visitor
2142,yellow
2143,po
2144,null
2145,rise
2146,column
2147,bu
2148,yield
2149,chart
2150,formal
2151,brother
2152,throughout
2153,hash
2154,bay
2155,amateur
2156,dog
2157,branch
2158,trace
2159,drink
2160,classic
2161,town
2162,limbo
2163,aim
2164,logic
2165,chip
2166,freebsd
2167,pure
2168,remind
2169,incompat
2170,consequ
2171,labor
2172,pro
2173,mess
2174,focus
2175,spamtrap
2176,gambl
2177,privileg
2178,violenc
2179,imho
2180,il
2181,spirit
2182,decemb
2183,topic
2184,pars
2185,worker
2186,negoti
2187,est
2188,export
2189,syntax
2190,prize
2191,joke
2192,assign
2193,exceed
2194,smoker
2195,exhibit
2196,satisfact
2197,adapt
2198,opposit
2199,coast
2200,que
2201,crap
2202,felt
2203,ladi
2204,tremend
2205,incorpor
2206,vice
2207,circumst
2208,byte
2209,pursu
2210,stage
2211,fan
2212,batch
2213,lib
2214,cheaper
2215,appoint
2216,complic
2217,pa
2218,specialist
2219,battl
2220,stamp
2221,alert
2222,liberti
2223,compel
2224,truck
2225,dublin
2226,gather
2227,chairman
2228,struggl
2229,caught
2230,older
2231,bet
2232,trivial
2233,okay
2234,sophist
2235,compress
2236,unknown
2237,jodi
2238,goto
2239,alan
2240,airlin
2241,entitl
2242,lover
2243,loos
2244,florida
2245,ui
2246,boundari
2247,strengthen
2248,kit
2249,admit
2250,intel
2251,moder
2252,riaa
2253,affair
2254,keyword
2255,unwant
2256,sur
2257,hole
2258,ahead
2259,britain
2260,sector
2261,penni
2262,belief
2263,ownership
2264,ved
2265,ideal
2266,margin
2267,album
2268,disclosur
2269,owe
2270,mastercard
2271,wear
2272,transmiss
2273,trend
2274,australia
2275,airport
2276,pioneer
2277,muslim
2278,surfac
2279,weather
2280,suffici
2281,dump
2282,maker
2283,dice
2284,outlook
2285,adjust
2286,assumpt
2287,majesti
2288,marri
2289,maximum
2290,weak
2291,pickl
2292,encod
2293,refus
2294,scott
2295,palestinian
2296,jack
2297,stress
2298,overal
2299,stephen
2300,timeout
2301,reform
2302,relay
2303,lay
2304,wa
2305,mplayer
2306,msn
2307,raw
2308,tin
2309,ice
2310,magic
2311,debug
2312,influenc
2313,egg
2314,propag
2315,chain
2316,sentenc
2317,ne
2318,schuman
2319,finger
2320,wealthi
2321,curv
2322,hawaii
2323,captur
2324,portabl
2325,ou
2326,dinosaur
2327,spring
2328,submiss
2329,holiday
2330,session
2331,weird
2332,retain
2333,trademark
2334,endeavor
2335,shout
2336,bone
2337,admin
2338,depress
2339,heck
2340,mandat
2341,astronom
2342,silli
2343,lilo
2344,vision
2345,crack
2346,patrick
2347,catalog
2348,frustrat
2349,whatsoev
2350,explan
2351,api
2352,francisco
2353,circl
2354,minist
2355,intellectu
2356,outstand
2357,ar
2358,virginia
2359,hospit
2360,besid
2361,ethic
2362,rah
2363,fli
2364,speaker
2365,corner
2366,inexpens
2367,hacker
2368,ram
2369,spambay
2370,tower
2371,casino
2372,scratch
2373,rapidli
2374,settl
2375,belong
2376,buri
2377,bomb
2378,latter
2379,unusu
2380,gpg
2381,randomli
2382,movement
2383,mysql
2384,ton
2385,plane
2386,preced
2387,twenti
2388,formul
2389,abandon
2390,celebr
2391,hide
2392,recognit
2393,thirti
2394,prob
2395,expos
2396,jeremi
2397,du
2398,lean
2399,ce
2400,fuel
2401,ir
2402,germani
2403,necessarili
2404,constant
2405,igtt
2406,tivo
2407,greatest
2408,organis
2409,scholarship
2410,snore
2411,openssl
2412,pentium
2413,ez
2414,iroijlaplap
2415,intent
2416,proceed
2417,joint
2418,theme
2419,xxx
2420,dr
2421,une
2422,arg
2423,conclus
2424,wild
2425,maxim
2426,harvest
2427,framework
2428,japan
2429,armi
2430,bsd
2431,fp
2432,tweak
2433,jurisdict
2434,german
2435,greet
2436,forum
2437,recov
2438,season
2439,element
2440,es
2441,openssh
2442,relax
2443,richard
2444,draft
2445,marriag
2446,invalid
2447,shoot
2448,rm
2449,advisor
2450,elig
2451,zone
2452,potent
2453,bond
2454,angel
2455,burner
2456,bob
2457,everywher
2458,hook
2459,subsequ
2460,decreas
2461,anthoni
2462,freez
2463,flight
2464,tobacco
2465,ratak
2466,milter
2467,telecommun
2468,crazi
2469,notifi
2470,ximian
2471,scenario
2472,boom
2473,dedic
2474,render
2475,con
2476,distributor
2477,commerc
2478,maxaman
2479,raid
2480,pleasur
2481,till
2482,layer
2483,scope
2484,mutual
2485,magnitud
2486,trader
2487,murjel
2488,fashion
2489,leas
2490,quarter
2491,asian
2492,capitalist
2493,council
2494,contest
2495,pci
2496,clinton
2497,apach
2498,occasion
2499,born
